RptDt;TckrSymb;ISIN;Asst;BalQty;TradAvrgPric;PricFctr;BalVal
2021-02-23;A1LL34;BRA1LLBDR007;A1LL;13;111,72;1;1452,36
2021-02-23;A1MD34;BRA1MDBDR002;A1MD;22;471,92;1;10382,24
2021-02-23;A1NE34;BRA1NEBDR008;A1NE;1;421;1;421
2021-02-23;A1UA34;BRA1UABDR001;A1UA;2;28,505;1;57,01
2021-02-23;A1ZN34;BRA1ZNBDR003;A1ZN;5047;46,1959877;1;233151,15
2021-02-23;AALL34;BRAALLBDR003;AALL;25;100,04;1;2501
2021-02-23;AALR3;BRAALRACNOR6;AALR;1263953;10,894266;1;13769840,24
2021-02-23;AAPL34;BRAAPLBDR004;AAPL;175320;69,9237041;1;12259023,81
2021-02-23;ABBV34;BRABBVBDR001;ABBV;5;581,6;1;2908
2021-02-23;ABCB4;BRABCBACNPR4;ABCB;2704112;15,5592986;1;42074086,07
2021-02-23;ABEV3;BRABEVACNOR1;ABEV;249385209;15,3755519;1;3834435229,46
2021-02-23;ACWI11;BRACWICTF001;ACWI;19540;10,49;1;204974,6
2021-02-23;ADBE34;BRADBEBDR003;ADBE;15081;53,7513964;1;810624,81
2021-02-23;AERI3;BRAERIACNOR4;AERI;964179;10,481741;1;10106274,65
2021-02-23;AGRO3;BRAGROACNOR7;AGRO;455278;23,9551289;1;10906243,21
2021-02-23;ALPA3;BRALPAACNOR0;ALPA;50272;32,4153703;1;1629585,5
2021-02-23;ALPA4;BRALPAACNPR7;ALPA;3704462;39,6669332;1;146944646,81
2021-02-23;ALPK3;BRALPKACNOR9;ALPK;7141;8,6544251;1;61801,25
2021-02-23;ALSO3;BRALSOACNOR5;ALSO;15174155;27,2408275;1;413356539,15
2021-02-23;ALUP11;BRALUPCDAM15;ALUP;1746161;25,8872812;1;45203360,83
2021-02-23;ALUP3;BRALUPACNOR8;ALUP;2800;8,6082142;1;24103
2021-02-23;ALUP4;BRALUPACNPR5;ALUP;900;8,5555555;1;7700
2021-02-23;ALZR11;BRALZRCTF006;ALZR;644;127,9317546;1;82388,05
2021-02-23;AMAR3;BRAMARACNOR4;AMAR;10059135;5,9294117;1;59644752,97
2021-02-23;AMBP3;BRAMBPACNOR6;AMBP;833509;25,3612785;1;21138853,89
2021-02-23;AMZO34;BRAMZOBDR002;AMZO;247029;113,7932792;1;28110239,97
2021-02-23;ANIM3;BRANIMACNOR6;ANIM;4088858;11,0951079;1;45366320,749618
2021-02-23;APER3;BRAPERACNOR9;APER;81392;49,2167893;1;4005852,92
2021-02-23;ARZZ3;BRARZZACNOR3;ARZZ;1141103;71,5229456;1;81615047,8
2021-02-23;ATMP3;BRATMPACNOR8;ATMP;42;3,1761904;1;133,4
2021-02-23;ATOM3;BRATOMACNOR1;ATOM;20226;4,2704212;1;86373,54
2021-02-23;ATVI34;BRATVIBDR008;ATVI;579;550,207202;1;318569,97
2021-02-23;AURA33;BRAURABDR001;AURA;99197;55,3615228;1;5491696,98
2021-02-23;AVLL3;BRAVLLACNOR5;AVLL;100;22,93;1;2293
2021-02-23;AZEV3;BRAZEVACNOR0;AZEV;4581;7,0014232;1;32073,52
2021-02-23;AZEV4;BRAZEVACNPR7;AZEV;26;3,845;1;99,97
2021-02-23;AZUL4;BRAZULACNPR4;AZUL;16633934;41,1635436;1;684711668,95
2021-02-23;B1IL34;BRB1ILBDR002;B1IL;7889;149,7223006;1;1181159,23
2021-02-23;B1TI34;BRB1TIBDR005;B1TI;2;39,45;1;78,9
2021-02-23;B3SA3;BRB3SAACNOR6;B3SA;27025225;59,6077984;1;1610914164,17
2021-02-23;BAAX39;BRBAAXBDR009;BAAX;4471;54,71;1;244608,41
2021-02-23;BABA34;BRBABABDR005;BABA;119156;50,3620031;1;6000934,85
2021-02-23;BACW39;BRBACWBDR007;BACW;18;51,87;1;933,66
2021-02-23;BAHI3;BRBAHIACNOR1;BAHI;100;85,63;1;8563
2021-02-23;BAZA3;BRBAZAACNOR0;BAZA;13;39,62;1;515,06
2021-02-23;BBAS3;BRBBASACNOR3;BBAS;32938038;33,7987361;1;1113264056,58
2021-02-23;BBDC3;BRBBDCACNOR1;BBDC;13531085;22,7223469;1;307458007,89
2021-02-23;BBDC4;BRBBDCACNPR8;BBDC;313645866;25,3407447;1;7948019823,19
2021-02-23;BBOV11;BRBBOVCTF001;BBOV;103029;60,619963;1;6245614,17
2021-02-23;BBPO11;BRBBPOCTF003;BBPO;1471;113,5056288;1;166966,78
2021-02-23;BBRK3;BRBBRKACNOR4;BBRK;768870;2,095605;1;1611247,82
2021-02-23;BBSD11;BRBBSDCTF000;BBSD;560;94,4808928;1;52909,3
2021-02-23;BBSE3;BRBBSEACNOR5;BBSE;49634390;28,1798359;1;1398688966,45
2021-02-23;BCFF11;BRBCFFCTF000;BCFF;40418;91,4231191;1;3695139,63
2021-02-23;BCHI39;BRBCHIBDR001;BCHI;25;61,08;1;1527
2021-02-23;BCSA34;BRBCSABDR005;BCSA;4500;16,378;1;73701
2021-02-23;BEEF3;BRBEEFACNOR6;BEEF;14350474;9,5788407;1;137460905,3
2021-02-23;BEES3;BRBEESACNOR9;BEES;3767;5,1799973;1;19513,05
2021-02-23;BEGU39;BRBEGUBDR004;BEGU;1;48,29;1;48,29
2021-02-23;BERK34;BRBERKBDR002;BERK;400;66,18985;1;26475,94
2021-02-23;BEWG39;BRBEWGBDR000;BEWG;1;59,14;1;59,14
2021-02-23;BEWT39;BRBEWTBDR003;BEWT;3;52,8133333;1;158,44
2021-02-23;BIDI11;BRBIDICDAXX3;BIDI;1852415;140,7859107;1;260793932,9
2021-02-23;BIDI3;BRBIDIACNOR3;BIDI;108110;49,5435943;1;5356157,99
2021-02-23;BIDI4;BRBIDIACNPR0;BIDI;2111555;47,5199437;1;100340974,83
2021-02-23;BIDU34;BRBIDUBDR002;BIDU;4;1718,04;1;6872,16
2021-02-23;BIEF39;BRBIEFBDR001;BIEF;3;46,93;1;140,79
2021-02-23;BIJH39;BRBIJHBDR006;BIJH;2;67,925;1;135,85
2021-02-23;BIOM3;BRBIOMACNOR2;BIOM;25583;15,4710956;1;395797,04
2021-02-23;BIVB39;BRBIVBBDR004;BIVB;231562;52,5911861;1;12178120,24
2021-02-23;BKBR3;BRBKBRACNOR4;BKBR;3284250;10,0736864;1;33084504,69
2021-02-23;BLAK34;BRBLAKBDR003;BLAK;13;644,55;1;8379,15
2021-02-23;BMEB4;BRBMEBACNPR5;BMEB;1050;17,8108;1;18701,34
2021-02-23;BMGB4;BRBMGBACNPR0;BMGB;2737958;5,2901997;1;14484344,64
2021-02-23;BMOB3;BRBMOBACNOR7;BMOB;689006;21,9410943;1;15117545,65
2021-02-23;BNBR3;BRBNBRACNOR8;BNBR;20;74,04;1;1480,8
2021-02-23;BOAC34;BRBOACBDR004;BOAC;91;46,58;1;4238,78
2021-02-23;BOAS3;BRBOASACNOR6;BOAS;1243093;10,436574;1;12973632,16
2021-02-23;BOBR4;BRBOBRACNPR3;BOBR;64431;2,2544435;1;145256,05
2021-02-23;BONY34;BRBONYBDR001;BONY;7;223,82;1;1566,74
2021-02-23;BOVA11;BRBOVACTF003;BOVA;72588610;114,1244395;1;8284134435,66
2021-02-23;BOVB11;BRBOVBCTF001;BOVB;1283149;118,9881338;1;152679505,02
2021-02-23;BOVV11;BRBOVVCTF009;BOVV;28345672;118,8198679;1;3368029003,92
2021-02-23;BPAC11;BRBPACUNT006;BPAC;3789941;101,0657822;1;383033351,91
2021-02-23;BPAC5;BRBPACACNPA0;BPAC;17;30,6829411;1;521,61
2021-02-23;BPAN4;BRBPANACNPR1;BPAN;8377426;11,105472;1;93035269,95
2021-02-23;BRAP3;BRBRAPACNOR5;BRAP;24709;55,5695179;1;1373067,22
2021-02-23;BRAP4;BRBRAPACNPR2;BRAP;9254570;66,4200408;1;614688917,69
2021-02-23;BRAX11;BRBRAXCTF002;BRAX;421;98,8645605;1;41621,98
2021-02-23;BRCO11;BRBRCOCTF007;BRCO;132;112,2312121;1;14814,52
2021-02-23;BRCR11;BRBRCRCTF000;BRCR;11278;88,6017928;1;999251,02
2021-02-23;BRDT3;BRBRDTACNOR1;BRDT;27477102;21,9128539;1;602101723,54
2021-02-23;BRFS3;BRBRFSACNOR8;BRFS;42169302;21,6007904;1;910890255,88
2021-02-23;BRIV3;BRBRIVACNOR6;BRIV;2;12,06;1;24,12
2021-02-23;BRKM3;BRBRKMACNOR1;BRKM;2129;28,5135744;1;60705,4
2021-02-23;BRKM5;BRBRKMACNPA4;BRKM;16176357;28,0976442;1;454517523,86
2021-02-23;BRML3;BRBRMLACNOR9;BRML;66014732;9,4387018;1;623093375,34
2021-02-23;BRPR3;BRBRPRACNOR9;BRPR;17128104;9,0892525;1;155681662,96
2021-02-23;BRSR3;BRBRSRACNOR3;BRSR;1116;14,4962544;1;16177,82
2021-02-23;BRSR6;BRBRSRACNPB4;BRSR;7709408;13,4032257;1;103330935,89
2021-02-23;BSEV3;BRBSEVACNOR3;BSEV;17364;7,4104215;1;128674,56
2021-02-23;BTLG11;BRBTLGCTF000;BTLG;864;112,6446875;1;97325,01
2021-02-23;BTOW3;BRBTOWACNOR8;BTOW;10257419;85,810382;1;880193043,18
2021-02-23;C1BS34;BRC1BSBDR001;C1BS;100;329,2;1;32920
2021-02-23;C1CL34;BRC1CLBDR004;C1CL;177831;112,2854982;1;19967842,44
2021-02-23;C1HI34;BRC1HIBDR009;C1HI;2;49,53;1;99,06
2021-02-23;C1SU34;BRC1SUBDR001;C1SU;1;37,95;1;37,95
2021-02-23;CAMB3;BRCAMBACNOR4;CAMB;47300;5,5387315;1;261982
2021-02-23;CAML3;BRCAMLACNOR3;CAML;6470488;11,1587202;1;72202365,6
2021-02-23;CARD3;BRCARDACNOR9;CARD;253918;16,1111673;1;4090915,39
2021-02-23;CASH3;BRCASHACNOR8;CASH;391726;28,6403534;1;11219171,1
2021-02-23;CATP34;BRCATPBDR003;CATP;36;70,88;1;2551,68
2021-02-23;CCPR3;BRCCPRACNOR9;CCPR;195908;12,1843916;1;2387019,79
2021-02-23;CCRO3;BRCCROACNOR2;CCRO;44476876;12,5296679;1;557280489,06
2021-02-23;CEAB3;BRCEABACNOR1;CEAB;8836781;12,1688001;1;107533021,54
2021-02-23;CESP3;BRCESPACNOR3;CESP;12879;29,2921531;1;377253,64
2021-02-23;CESP6;BRCESPACNPB4;CESP;2986537;29,7167343;1;88750126,59
2021-02-23;CGAS5;BRCGASACNPA3;CGAS;1630;179,346503;1;292334,8
2021-02-23;CGRA4;BRCGRAACNPR9;CGRA;8700;40,2288505;1;349991
2021-02-23;CIEL3;BRCIELACNOR3;CIEL;77680647;3,8879439;1;302018000,21
2021-02-23;CLSC4;BRCLSCACNPR3;CLSC;100;52,17;1;5217
2021-02-23;CMCS34;BRCMCSBDR008;CMCS;85;57,2;1;4862
2021-02-23;CMIG3;BRCMIGACNOR6;CMIG;3875710;15,8982385;1;61616962,199968
2021-02-23;CMIG4;BRCMIGACNPR3;CMIG;41418439;13,6336762;1;564685588,37
2021-02-23;CMIN3;BRCMINACNOR2;CMIN;893037;9,1562423;1;8176863,18
2021-02-23;CNTO3;BRCNTOACNOR5;CNTO;5307302;24,911682;1;132213820,18
2021-02-23;COCA34;BRCOCABDR002;COCA;2;45,45;1;90,9
2021-02-23;COCE3;BRCOCEACNOR0;COCE;95;51,24;1;4867,8
2021-02-23;COCE5;BRCOCEACNPA3;COCE;16556;56,1242184;1;929192,56
2021-02-23;COGN3;BRCOGNACNOR2;COGN;140528978;4,3868603;1;616480997,29
2021-02-23;COWC34;BRCOWCBDR006;COWC;18250;48,0901369;1;877645
2021-02-23;CPFE3;BRCPFEACNOR0;CPFE;7878369;31,7492598;1;250132384,76
2021-02-23;CPLE3;BRCPLEACNOR8;CPLE;147558;62,1223773;1;9166653,76
2021-02-23;CPLE6;BRCPLEACNPB9;CPLE;8934630;66,285122;1;592233040,31
2021-02-23;CPTS11;BRCPTSCTF004;CPTS;2306;100,2028881;1;231067,86
2021-02-23;CRFB3;BRCRFBACNOR2;CRFB;13154187;19,699107;1;259125738,12
2021-02-23;CRIV3;BRCRIVACNOR4;CRIV;12;6,86;1;82,32
2021-02-23;CRIV4;BRCRIVACNPR1;CRIV;300;6,34;1;1902
2021-02-23;CRPG5;BRCRPGACNPA3;CRPG;13279;41,373885;1;549403,82
2021-02-23;CSAN3;BRCSANACNOR6;CSAN;14013773;82,2967654;1;1153288189,5
2021-02-23;CSCO34;BRCSCOBDR004;CSCO;260;45,1392307;1;11736,2
2021-02-23;CSED3;BRCSEDACNOR9;CSED;11475214;13,9999921;1;160652906,12
2021-02-23;CSMG3;BRCSMGACNOR5;CSMG;6351643;15,7353018;1;99945019,67814
2021-02-23;CSNA3;BRCSNAACNOR6;CSNA;26410763;33,1211971;1;874756088,87
2021-02-23;CSRN6;BRCSRNACNPB1;CSRN;2;15,8;1;31,6
2021-02-23;CTNM4;BRCTNMACNPR6;CTNM;5800;5,6777586;1;32931
2021-02-23;CTSA3;BRCTSAACNOR3;CTSA;2905;2,9508846;1;8572,32
2021-02-23;CTSA4;BRCTSAACNPR0;CTSA;671;2,1603725;1;1449,61
2021-02-23;CURY3;BRCURYACNOR3;CURY;546765;10,7299382;1;5866754,68
2021-02-23;CVBI11;BRCVBICTF001;CVBI;1157;107,3501123;1;124204,08
2021-02-23;CVCB3;BRCVCBACNOR1;CVCB;9934593;19,0297043;1;189052367,86
2021-02-23;CYRE3;BRCYREACNOR7;CYRE;21538720;27,5936001;1;594330828,11
2021-02-23;D1LR34;BRD1LRBDR001;D1LR;2;187,415;1;374,83
2021-02-23;D1OC34;BRD1OCBDR007;D1OC;21100;69,4386729;1;1465156
2021-02-23;DASA3;BRDASAACNOR1;DASA;99;152,56;1;15103,44
2021-02-23;DDNB34;BRDDNBBDR008;DDNB;10;380,7;1;3807
2021-02-23;DGCO34;BRDGCOBDR007;DGCO;9;552,7;1;4974,3
2021-02-23;DIRR3;BRDIRRACNOR0;DIRR;3635675;13,8958091;1;50520646,04
2021-02-23;DISB34;BRDISBBDR006;DISB;4339;65,5490368;1;284417,270704
2021-02-23;DIVO11;BRDIVOCTF002;DIVO;757;64,6666182;1;48952,63
2021-02-23;DMMO3;BRDMMOACNOR0;DMMO;2590979;1,0075771;1;2610611,18
2021-02-23;DMVF3;BRDMVFACNOR9;DMVF;27385;11,5877589;1;317330,78
2021-02-23;DOHL3;BRDOHLACNOR2;DOHL;7;30,51;1;213,57
2021-02-23;DOHL4;BRDOHLACNPR9;DOHL;917;5,2042966;1;4772,34
2021-02-23;DTEX3;BRDTEXACNOR3;DTEX;12725995;20,0618296;1;255306744,38
2021-02-23;EAIN34;BREAINBDR007;EAIN;56;395,08;1;22124,48
2021-02-23;EALT4;BREALTACNPR1;EALT;4;4,77;1;19,08
2021-02-23;ECOO11;BRECOOCTF008;ECOO;4;116,18;1;464,72
2021-02-23;ECOR3;BRECORACNOR8;ECOR;11260340;12,5242534;1;141027352,03
2021-02-23;EGIE3;BREGIEACNOR9;EGIE;12316045;44,2281698;1;544716130,67
2021-02-23;ELET3;BRELETACNOR6;ELET;29318961;29,7085834;1;871024800,89
2021-02-23;ELET6;BRELETACNPB7;ELET;7260599;31,2169859;1;226654016,81
2021-02-23;ELMD3;BRELMDACNOR3;ELMD;251712;17,0760703;1;4298251,82
2021-02-23;EMAE4;BREMAEACNPR1;EMAE;36;62,79;1;2260,44
2021-02-23;EMBR3;BREMBRACNOR4;EMBR;26962903;10,2099725;1;275290499,53
2021-02-23;ENAT3;BRENATACNOR0;ENAT;2000127;12,4299605;1;24861499,71
2021-02-23;ENBR3;BRENBRACNOR2;ENBR;27607097;19,3545882;1;534323994,43
2021-02-23;ENEV3;BRENEVACNOR8;ENEV;8945373;69,2114202;1;619121970,22
2021-02-23;ENGI11;BRENGICDAM16;ENGI;5053706;48,9582999;1;247420854,37
2021-02-23;ENGI3;BRENGIACNOR0;ENGI;7000;17,7021428;1;123915
2021-02-23;ENGI4;BRENGIACNPR7;ENGI;700;7,6;1;5320
2021-02-23;ENJU3;BRENJUACNOR9;ENJU;1124765;16,7585927;1;18849478,61
2021-02-23;EQTL3;BREQTLACNOR0;EQTL;9594080;22,318799;1;214128343,34
2021-02-23;ESPA3;BRESPAACNOR7;ESPA;1536848;21,4047676;1;32895874,39
2021-02-23;ETER3;BRETERACNOR3;ETER;3035599;12,8628699;1;39046515,12
2021-02-23;EUCA4;BREUCAACNPR8;EUCA;38358;7,5046488;1;287863,32
2021-02-23;EURP11;BREURPCTF018;EURP;102289;10,2329091;1;1046714,04
2021-02-23;EVEN3;BREVENACNOR8;EVEN;11185017;11,4877039;1;128490163,64
2021-02-23;EXXO34;BREXXOBDR006;EXXO;50;70,31;1;3515,5
2021-02-23;EZTC3;BREZTCACNOR0;EZTC;10500338;37,6025266;1;394839239,06
2021-02-23;FBOK34;BRFBOKBDR006;FBOK;66857;52,1062744;1;3483669,19
2021-02-23;FESA3;BRFESAACNOR8;FESA;23;37,25;1;856,75
2021-02-23;FESA4;BRFESAACNPR5;FESA;187458;22,7686143;1;4268158,9
2021-02-23;FHER3;BRFHERACNOR5;FHER;305311;4,2234598;1;1289468,76
2021-02-23;FIND11;BRFINDCTF007;FIND;21254;111,5094212;1;2370021,24
2021-02-23;FLRY3;BRFLRYACNOR5;FLRY;14794909;27,5935449;1;408243986,1
2021-02-23;FRAS3;BRFRASACNOR0;FRAS;90814;10,5277931;1;956071,01
2021-02-23;FRIO3;BRFRIOACNOR2;FRIO;81;87,4137037;1;7080,51
2021-02-23;FRTA3;BRFRTAACNOR8;FRTA;73;5,25;1;383,25
2021-02-23;GEOO34;BRGEOOBDR000;GEOO;192148;61,8991036;1;11893788,96
2021-02-23;GEPA3;BRGEPAACNOR2;GEPA;400;39,02;1;15608
2021-02-23;GFSA3;BRGFSAACNOR3;GFSA;11968764;4,8818492;1;58429701,37
2021-02-23;GGBR3;BRGGBRACNOR1;GGBR;259288;20,9777395;1;5439276,14
2021-02-23;GGBR4;BRGGBRACNPR8;GGBR;63581337;24,3205953;1;1546335967,23
2021-02-23;GGRC11;BRGGRCCTF002;GGRC;22515;142,9704228;1;3218979,07
2021-02-23;GMAT3;BRGMATACNOR7;GMAT;14527981;8,393999;1;121947859,21
2021-02-23;GMCO34;BRGMCOBDR008;GMCO;83;71,42;1;5927,86
2021-02-23;GNDI3;BRGNDIACNOR2;GNDI;8060764;93,5832997;1;754352893,32
2021-02-23;GOAU3;BRGOAUACNOR1;GOAU;93758;10,2669978;1;962613,18
2021-02-23;GOAU4;BRGOAUACNPR8;GOAU;15211284;11,0299888;1;167780293,05
2021-02-23;GOGL34;BRGOGLBDR001;GOGL;32700;74,8400422;1;2447269,38
2021-02-23;GOLD11;BRGOLDCTF015;GOLD;194;10,598402;1;2056,09
2021-02-23;GOLL4;BRGOLLACNPR4;GOLL;7274326;23,8379394;1;173404943,04
2021-02-23;GOVE11;BRGOVECTF004;GOVE;91;52,6804395;1;4793,92
2021-02-23;GPAR3;BRGPARACNOR4;GPAR;4;110,75;1;443
2021-02-23;GPCP3;BRGPCPACNOR4;GPCP;8840;23,4645938;1;207427,01
2021-02-23;GPIV33;BRGPIVBDR003;GPIV;6091;3,8216565;1;23277,71
2021-02-23;GRND3;BRGRNDACNOR3;GRND;8039302;7,8725939;1;63290160,61
2021-02-23;GSHP3;BRGSHPACNOR7;GSHP;2437;61,7239105;1;150421,17
2021-02-23;GTWR11;BRGTWRCTF003;GTWR;372;108,1573924;1;40234,55
2021-02-23;GUAR3;BRGUARACNOR4;GUAR;6677872;14,5468137;1;97141760,07
2021-02-23;HAGA4;BRHAGAACNPR4;HAGA;13974;1,9275619;1;26935,75
2021-02-23;HAPV3;BRHAPVACNOR4;HAPV;47724814;17,3315693;1;827145921,91
2021-02-23;HBOR3;BRHBORACNOR3;HBOR;2224812;10,0152627;1;22282076,79
2021-02-23;HBSA3;BRHBSAACNOR0;HBSA;379615;6,7413735;1;2559126,52
2021-02-23;HCTR11;BRHCTRCTF003;HCTR;5845;151,9905149;1;888384,56
2021-02-23;HETA4;BRHETAACNPR9;HETA;7;10,12;1;70,84
2021-02-23;HFOF11;BRHFOFCTF002;HFOF;267;102,878764;1;27468,63
2021-02-23;HGBS11;BRHGBSCTF000;HGBS;1967;214,2358108;1;421401,84
2021-02-23;HGCR11;BRHGCRCTF000;HGCR;632;104,3922151;1;65975,88
2021-02-23;HGLG11;BRHGLGCTF004;HGLG;1218;178,4856157;1;217395,48
2021-02-23;HGRE11;BRHGRECTF006;HGRE;1042;149,5996737;1;155882,86
2021-02-23;HGRU11;BRHGRUCTF002;HGRU;658;129,0729179;1;84929,98
2021-02-23;HGTX3;BRHGTXACNOR9;HGTX;11237389;17,0293147;1;191365034,04
2021-02-23;HOOT4;BRHOOTACNPR9;HOOT;11;2,58;1;28,38
2021-02-23;HSML11;BRHSMLCTF007;HSML;6025;94,5480763;1;569652,16
2021-02-23;HYPE3;BRHYPEACNOR0;HYPE;10062097;33,4842211;1;336921481,4
2021-02-23;I1RP34;BRI1RPBDR007;I1RP;1;403,44;1;403,44
2021-02-23;IGBR3;BRIGBRACNOR7;IGBR;3068;15,0814211;1;46269,8
2021-02-23;IGTA3;BRIGTAACNOR5;IGTA;9080798;34,8584096;1;316542176,65
2021-02-23;INEP3;BRINEPACNOR1;INEP;5568;30,5909375;1;170330,34
2021-02-23;INEP4;BRINEPACNPR8;INEP;3400;25,8388235;1;87852
2021-02-23;INTB3;BRINTBACNOR9;INTB;192962;19,2872232;1;3721701,17
2021-02-23;INTU34;BRINTUBDR003;INTU;500;527,5;1;263750
2021-02-23;IRBR3;BRIRBRACNOR4;IRBR;115991826;6,8722864;1;797129052,97
2021-02-23;IRDM11;BRIRDMCTF004;IRDM;14139;143,4670889;1;2028481,17
2021-02-23;ISUS11;BRISUSCTF003;ISUS;606;39,6243069;1;24012,33
2021-02-23;ITLC34;BRITLCBDR005;ITLC;325;42,6507692;1;13861,5
2021-02-23;ITSA3;BRITSAACNOR0;ITSA;733537;11,6250225;1;8527384,13
2021-02-23;ITSA4;BRITSAACNPR7;ITSA;51099157;10,9031059;1;557139521,95
2021-02-23;ITUB3;BRITUBACNOR4;ITUB;1648424;25,9916591;1;42845274,82
2021-02-23;ITUB4;BRITUBACNPR1;ITUB;117073476;28,7575377;1;3366744908,86
2021-02-23;IVVB11;BRIVVBCTF001;IVVB;1001742;224,7625066;1;225154042,94
2021-02-23;JALL3;BRJALLACNOR0;JALL;61553;8,7117558;1;536234,71
2021-02-23;JBDU3;BRJBDUACNOR6;JBDU;3853;2,3992758;1;9244,41
2021-02-23;JBDU4;BRJBDUACNPR3;JBDU;20;1,32;1;26,4
2021-02-23;JBSS3;BRJBSSACNOR8;JBSS;26276682;24,982605;1;656459969,15
2021-02-23;JFEN3;BRJFENACNOR0;JFEN;2503;4,33;1;10837,99
2021-02-23;JHSF3;BRJHSFACNOR2;JHSF;22427595;7,3366551;1;164543531,12
2021-02-23;JNJB34;BRJNJBBDR002;JNJB;16094;59,4168497;1;956254,78
2021-02-23;JPMC34;BRJPMCBDR009;JPMC;914;82,12;1;75057,68
2021-02-23;JPSA3;BRJPSAACNOR6;JPSA;286817;24,54966;1;7041259,86
2021-02-23;JSLG3;BRJSLGACNOR2;JSLG;46774;9,4549533;1;442245,99
2021-02-23;JSRE11;BRJSRECTF007;JSRE;332;98,2644879;1;32623,81
2021-02-23;KEPL3;BRKEPLACNOR1;KEPL;100115;39,5362472;1;3958171,39
2021-02-23;KHCB34;BRKHCBBDR007;KHCB;1;51,27;1;51,27
2021-02-23;KLBN11;BRKLBNCDAM18;KLBN;19297397;28,0811803;1;541893686,3
2021-02-23;KLBN3;BRKLBNACNOR2;KLBN;85733;6,1108099;1;523898,07
2021-02-23;KLBN4;BRKLBNACNPR9;KLBN;1205805;5,5288397;1;6666702,63
2021-02-23;KNCR11;BRKNCRCTF000;KNCR;51210;88,5707088;1;4535706
2021-02-23;KNIP11;BRKNIPCTF001;KNIP;1150;113,8270521;1;130901,11
2021-02-23;KNRI11;BRKNRICTF007;KNRI;2977;158,6952636;1;472435,8
2021-02-23;LAME3;BRLAMEACNOR9;LAME;3395254;22,4415175;1;76194652,26
2021-02-23;LAME4;BRLAMEACNPR6;LAME;57747608;24,8039873;1;1432370939,67
2021-02-23;LAVV3;BRLAVVACNOR4;LAVV;617330;7,9940821;1;4934986,73
2021-02-23;LCAM3;BRLCAMACNOR3;LCAM;6037288;26,984466;1;162912993,18
2021-02-23;LEVE3;BRLEVEACNOR2;LEVE;3144486;19,2780123;1;60619439,96
2021-02-23;LIGT3;BRLIGTACNOR2;LIGT;6096363;21,0848149;1;128540685,67
2021-02-23;LINX3;BRLINXACNOR0;LINX;1119676;37,9370426;1;42477196,16
2021-02-23;LJQQ3;BRLJQQACNOR5;LJQQ;4007282;18,1511312;1;72736701,63
2021-02-23;LLIS3;BRLLISACNOR4;LLIS;227699;4,5746764;1;1041649,26
2021-02-23;LOGG3;BRLOGGACNOR7;LOGG;1785578;32,9749733;1;58879386,99
2021-02-23;LOGN3;BRLOGNACNOR3;LOGN;1974253;15,096218;1;29803753,68
2021-02-23;LOWC34;BRLOWCBDR007;LOWC;2;483;1;966
2021-02-23;LPSB3;BRLPSBACNOR0;LPSB;617648;4,6518421;1;2873201,03
2021-02-23;LREN3;BRLRENACNOR1;LREN;18459316;41,1990718;1;760506685,78
2021-02-23;LUPA3;BRLUPAACNOR8;LUPA;501255;2,302147;1;1153962,72
2021-02-23;LVBI11;BRLVBICTF002;LVBI;198;117,8399494;1;23332,31
2021-02-23;LWSA3;BRLWSAACNOR8;LWSA;7516008;30,7819527;1;231357402,825
2021-02-23;M1RN34;BRM1RNBDR006;M1RN;50;94,3;1;4715
2021-02-23;MALL11;BRMALLCTF007;MALL;4360;102,2566422;1;445838,96
2021-02-23;MATB11;BRMATBCTF001;MATB;668;54,2962724;1;36269,91
2021-02-23;MBLY3;BRMBLYACNOR5;MBLY;547410;24,1275941;1;13207686,33
2021-02-23;MCCI11;BRMCCICTF008;MCCI;247;103,4143319;1;25543,34
2021-02-23;MCDC34;BRMCDCBDR000;MCDC;51;57,93;1;2954,43
2021-02-23;MDIA3;BRMDIAACNOR7;MDIA;5184239;31,0656546;1;161051778,55
2021-02-23;MDNE3;BRMDNEACNOR9;MDNE;121200;10,0685577;1;1220309,2
2021-02-23;MEAL3;BRMEALACNOR9;MEAL;5649024;3,6306377;1;20509559,6
2021-02-23;MELI34;BRMELIBDR006;MELI;634228;84,4355898;1;53551415,26
2021-02-23;MELK3;BRMELKACNOR8;MELK;43363;6,2350718;1;270371,42
2021-02-23;MGFF11;BRMGFFCTF008;MGFF;680;87,6387941;1;59594,38
2021-02-23;MGLU3;BRMGLUACNOR2;MGLU;101540063;25,0835735;1;2546987633,81
2021-02-23;MILS3;BRMILSACNOR2;MILS;2881154;6,0519268;1;17436533,3
2021-02-23;MMMC34;BRMMMCBDR000;MMMC;1;240,61;1;240,61
2021-02-23;MMXM3;BRMMXMACNOR2;MMXM;11858;18,610059;1;220678,08
2021-02-23;MOAR3;BRMOARACNOR5;MOAR;3;239,98;1;719,94
2021-02-23;MOSC34;BRMOSCBDR003;MOSC;6400;73,5385937;1;470647
2021-02-23;MOSI3;BRMOSIACNOR6;MOSI;135674;33,8305135;1;4589921,1
2021-02-23;MOVI3;BRMOVIACNOR0;MOVI;6068680;19,430586;1;117918008,86
2021-02-23;MRFG3;BRMRFGACNOR0;MRFG;29771507;13,9930105;1;416593010,28
2021-02-23;MRVE3;BRMRVEACNOR2;MRVE;32849207;19,3868532;1;636842753,87
2021-02-23;MSBR34;BRMSBRBDR008;MSBR;1915;74,1061879;1;141913,35
2021-02-23;MSCD34;BRMSCDBDR006;MSCD;400;59,020175;1;23608,07
2021-02-23;MSFT34;BRMSFTBDR005;MSFT;132759;54,4453698;1;7228112,85
2021-02-23;MTRE3;BRMTREACNOR6;MTRE;2288474;14,6997868;1;33640080,08
2021-02-23;MTSA4;BRMTSAACNPR9;MTSA;100;30,75;1;3075
2021-02-23;MULT3;BRMULTACNOR5;MULT;33079187;21,2891582;1;704228045,92
2021-02-23;MXRF11;BRMXRFCTF008;MXRF;273799;10,5809774;1;2897061,04
2021-02-23;MYPK3;BRMYPKACNOR7;MYPK;10251716;14,1994528;1;145568757,87
2021-02-23;NEOE3;BRNEOEACNOR3;NEOE;2531399;18,0067074;1;45582161,12
2021-02-23;NFLX34;BRNFLXBDR000;NFLX;8106;59,5630458;1;482818,05
2021-02-23;NGRD3;BRNGRDACNOR3;NGRD;636729;8,8908327;1;5661051,02
2021-02-23;NIKE34;BRNIKEBDR006;NIKE;10634;76,8456817;1;817176,98
2021-02-23;NOKI34;BRNOKIBDR005;NOKI;1;22,13;1;22,13
2021-02-23;NORD3;BRNORDACNOR7;NORD;65;21,87;1;1421,55
2021-02-23;NTCO3;BRNTCOACNOR5;NTCO;30131630;51,0228369;1;1537401245,13
2021-02-23;NVDC34;BRNVDCBDR008;NVDC;15450;67,0672588;1;1036189,15
2021-02-23;ODPV3;BRODPVACNOR4;ODPV;6097647;14,0136816;1;85450483,68
2021-02-23;OFSA3;BROFSAACNOR7;OFSA;1979;34,3437493;1;67966,28
2021-02-23;OIBR3;BROIBRACNOR1;OIBR;85029761;2,1087316;1;179304950
2021-02-23;OIBR4;BROIBRACNPR8;OIBR;3630497;2,7041819;1;9817524,38
2021-02-23;OMGE3;BROMGEACNOR0;OMGE;1263644;40,8451478;1;51613725,96
2021-02-23;OPCT3;BROPCTACNOR0;OPCT;1382050;11,0563284;1;15280398,7
2021-02-23;ORCL34;BRORCLBDR007;ORCL;1;55,96;1;55,96
2021-02-23;ORVR3;BRORVRACNOR0;ORVR;26846;21,9744885;1;589927,12
2021-02-23;OSXB3;BROSXBACNOR8;OSXB;7;19,2271428;1;134,59
2021-02-23;P1EA34;BRP1EABDR008;P1EA;18;163,61;1;2944,98
2021-02-23;P1LD34;BRP1LDBDR007;P1LD;1;300;1;300
2021-02-23;PAGS34;BRPAGSBDR006;PAGS;2800;66,2364285;1;185462
2021-02-23;PARD3;BRPARDACNOR1;PARD;929509;21,548929;1;20029923,49
2021-02-23;PCAR3;BRPCARACNOR3;PCAR;4806429;81,9180014;1;393733057,86
2021-02-23;PDGR3;BRPDGRACNOR8;PDGR;84242;6,2261488;1;524503,23
2021-02-23;PDTC3;BRPDTCACNOR3;PDTC;20608;5,7695428;1;118898,74
2021-02-23;PEAB4;BRPEABACNPR0;PEAB;27;61,5;1;1660,5
2021-02-23;PEPB34;BRPEPBBDR005;PEPB;2414;48,03;1;115944,42
2021-02-23;PETR3;BRPETRACNOR9;PETR;118143048;26,6622453;1;3149958928,66
2021-02-23;PETR4;BRPETRACNPR6;PETR;185279237;27,1291354;1;5026465512,01
2021-02-23;PETZ3;BRPETZACNOR2;PETZ;4977059;22,4595637;1;111782573,8
2021-02-23;PFIN11;BRPFINCTF001;PFIN;352;101,8025;1;35834,48
2021-02-23;PFIZ34;BRPFIZBDR006;PFIZ;229;46,8586026;1;10730,62
2021-02-23;PFRM3;BRPFRMACNOR1;PFRM;527862;6,1237228;1;3232480,59
2021-02-23;PGCO34;BRPGCOBDR001;PGCO;599;50,9727879;1;30532,7
2021-02-23;PGMN3;BRPGMNACNOR8;PGMN;116303;9,9528467;1;1157545,94
2021-02-23;PIBB11;BRPIBBCTF005;PIBB;35896;197,7892759;1;7099843,85
2021-02-23;PINE4;BRPINEACNPR8;PINE;856305;2,2614482;1;1936489,41
2021-02-23;PLAS3;BRPLASACNOR2;PLAS;40;4,89;1;195,6
2021-02-23;PLPL3;BRPLPLACNOR5;PLPL;150084;6,3773811;1;957142,87
2021-02-23;PMAM3;BRPMAMACNOR3;PMAM;379217;9,3252631;1;3536298,3
2021-02-23;PNVL3;BRPNVLACNOR9;PNVL;4447873;21,2811045;1;94655650,52
2021-02-23;PNVL4;BRPNVLACNPR6;PNVL;35021;19,2846794;1;675368,76
2021-02-23;POMO3;BRPOMOACNOR0;POMO;464718;2,6060436;1;1211075,4
2021-02-23;POMO4;BRPOMOACNPR7;POMO;42681531;2,8198211;1;120354285,22
2021-02-23;POSI3;BRPOSIACNOR9;POSI;3799151;4,7096696;1;17892746,05
2021-02-23;POWE3;BRPOWEACNOR0;POWE;707237;15,5561033;1;11001851,9
2021-02-23;PPLA11;BRPPLAUNT007;PPLA;3;11,21;1;33,63
2021-02-23;PRIO3;BRPRIOACNOR1;PRIO;4806509;81,2236016;1;390401972,39
2021-02-23;PRNR3;BRPRNRACNOR4;PRNR;98564;8,2159057;1;809792,53
2021-02-23;PSSA3;BRPSSAACNOR7;PSSA;1740398;49,1610606;1;85559811,56
2021-02-23;PTBL3;BRPTBLACNOR8;PTBL;1135508;8,0779194;1;9172542,13
2021-02-23;PTNT4;BRPTNTACNPR3;PTNT;4054;5,0175431;1;20341,12
2021-02-23;PYPL34;BRPYPLBDR002;PYPL;1116;73,1628853;1;81649,78
2021-02-23;QAGR11;BRQAGRCTF005;QAGR;334;90,16;1;30113,44
2021-02-23;QUAL3;BRQUALACNOR6;QUAL;5720260;32,7159126;1;187143526,69
2021-02-23;R1CL34;BRR1CLBDR007;R1CL;3000;202,8843333;1;608653
2021-02-23;R1IN34;BRR1INBDR000;R1IN;1;166,14;1;166,14
2021-02-23;RADL3;BRRADLACNOR0;RADL;35748585;25,3894651;1;907637452,83
2021-02-23;RAIL3;BRRAILACNOR9;RAIL;33641422;20,0447666;1;674334455,14
2021-02-23;RANI3;BRRANIACNOR5;RANI;48750;6,2041993;1;302454,72
2021-02-23;RAPT3;BRRAPTACNOR7;RAPT;7926;10,9478526;1;86772,68
2021-02-23;RAPT4;BRRAPTACNPR4;RAPT;9968135;14,509954;1;144637180,47
2021-02-23;RBRF11;BRRBRFCTF003;RBRF;15354;97,677708;1;1499743,53
2021-02-23;RBRP11;BRRBRPCTF002;RBRP;646;96,6743962;1;62451,66
2021-02-23;RBRR11;BRRBRRCTF008;RBRR;262;95,6382824;1;25057,23
2021-02-23;RBVA11;BRRBVACTF006;RBVA;1837;112,4064833;1;206490,71
2021-02-23;RCRB11;BRRCRBCTF000;RCRB;56;157,26;1;8806,56
2021-02-23;RCSL3;BRRCSLACNOR4;RCSL;9340;8,7216081;1;81459,82
2021-02-23;RCSL4;BRRCSLACNPR1;RCSL;703365;1,4519667;1;1021262,61
2021-02-23;RDNI3;BRRDNIACNOR9;RDNI;3302;10,7375984;1;35455,55
2021-02-23;RDOR3;BRRDORACNOR8;RDOR;1962700;71,1673912;1;139680238,84
2021-02-23;RECT11;BRRECTCTF000;RECT;171;94,5571929;1;16169,28
2021-02-23;RENT3;BRRENTACNOR4;RENT;26880184;66,2561751;1;1780978177,85
2021-02-23;RIOT34;BRRIOTBDR007;RIOT;2;490,5;1;981
2021-02-23;RLOG3;BRRLOGACNOR4;RLOG;2056736;19,7576578;1;40636286,2
2021-02-23;RNEW11;BRRNEWCDAM15;RNEW;36635;11,7081176;1;428926,89
2021-02-23;RNEW3;BRRNEWACNOR8;RNEW;22;4,155909;1;91,43
2021-02-23;RNEW4;BRRNEWACNPR5;RNEW;805;3,7298136;1;3002,5
2021-02-23;ROMI3;BRROMIACNOR8;ROMI;782756;20,1249153;1;15752898,22
2021-02-23;RPMG3;BRRPMGACNOR9;RPMG;48481;3,1766861;1;154008,92
2021-02-23;RRRP3;BRRRRPACNOR5;RRRP;19929;35,8517472;1;714489,47
2021-02-23;RSID3;BRRSIDACNOR8;RSID;141259;12,9909004;1;1835081,61
2021-02-23;S1SN34;BRS1SNBDR008;S1SN;1;60,87;1;60,87
2021-02-23;SANB11;BRSANBCDAM13;SANB;20657474;41,217761;1;851454826,21
2021-02-23;SANB3;BRSANBACNOR8;SANB;60850;19,5899211;1;1192046,7
2021-02-23;SANB4;BRSANBACNPR5;SANB;120981;22,3452384;1;2703349,29
2021-02-23;SAPR11;BRSAPRCDAM13;SAPR;15864802;22,3500663;1;354579377,51
2021-02-23;SAPR3;BRSAPRACNOR9;SAPR;844594;4,5183379;1;3816161,16
2021-02-23;SAPR4;BRSAPRACNPR6;SAPR;7055774;4,3258451;1;30522185,47
2021-02-23;SBSP3;BRSBSPACNOR5;SBSP;4424392;42,2709498;1;187023252,42
2021-02-23;SBUB34;BRSBUBBDR005;SBUB;400;567,6468;1;227058,72
2021-02-23;SCAR3;BRSCARACNOR7;SCAR;23454;38,5161891;1;903358,7
2021-02-23;SDIL11;BRSDILCTF004;SDIL;4609;103,1057886;1;475214,58
2021-02-23;SEER3;BRSEERACNOR5;SEER;2012090;14,892868;1;29965790,86
2021-02-23;SEQL3;BRSEQLACNOR2;SEQL;13649;30,2679368;1;413127,07
2021-02-23;SGPS3;BRSGPSACNOR4;SGPS;251493;6,3233748;1;1590284,51
2021-02-23;SHOW3;BRSHOWACNOR7;SHOW;1447212;3,7378145;1;5409410,05
2021-02-23;SHUL4;BRSHULACNPR4;SHUL;57831;13,2045781;1;763633,96
2021-02-23;SIMH3;BRSIMHACNOR0;SIMH;1098522;38,3666906;1;42146653,77
2021-02-23;SLCE3;BRSLCEACNOR2;SLCE;1861322;36,9479026;1;68771944
2021-02-23;SLED3;BRSLEDACNOR0;SLED;3094;1,0106755;1;3127,03
2021-02-23;SLED4;BRSLEDACNPR7;SLED;1529186;0,5907775;1;903408,7
2021-02-23;SMAC11;BRSMACCTF001;SMAC;1748091;70,7449462;1;123668603,84
2021-02-23;SMAL11;BRSMALCTF002;SMAL;1326337;135,5534143;1;179789508,92
2021-02-23;SMLS3;BRSMLSACNOR1;SMLS;4885153;22,1747975;1;108327278,65
2021-02-23;SMTO3;BRSMTOACNOR3;SMTO;4870446;32,035078;1;156025117,61
2021-02-23;SNEC34;BRSNECBDR002;SNEC;8;630,32;1;5042,56
2021-02-23;SOMA3;BRSOMAACNOR3;SOMA;1495898;14,8337165;1;22189726,9
2021-02-23;SPXI11;BRSPXICTF003;SPXI;28408;202,5189414;1;5753158,09
2021-02-23;SQIA3;BRSQIAACNOR6;SQIA;3391049;22,2371973;1;75407425,83
2021-02-23;SSFO34;BRSSFOBDR003;SSFO;60;60,83;1;3649,8
2021-02-23;STBP3;BRSTBPACNOR3;STBP;6248006;6,1294497;1;38296838,62
2021-02-23;SULA11;BRSULACDAM12;SULA;6159640;39,4210419;1;242819427,054393
2021-02-23;SULA3;BRSULAACNOR2;SULA;801;15,8221348;1;12673,53
2021-02-23;SULA4;BRSULAACNPR9;SULA;4607;11,2734751;1;51936,9
2021-02-23;SUZB3;BRSUZBACNOR0;SUZB;18560872;69,2780768;1;1285861516,4
2021-02-23;T1EV34;BRT1EVBDR000;T1EV;1;30,17;1;30,17
2021-02-23;T1TW34;BRT1TWBDR006;T1TW;1800;265,43;1;477774
2021-02-23;TAEE11;BRTAEECDAM10;TAEE;18066363;32,5754526;1;588519953,26
2021-02-23;TAEE3;BRTAEEACNOR9;TAEE;83229;10,8576015;1;903667,32
2021-02-23;TAEE4;BRTAEEACNPR6;TAEE;158539;10,9517481;1;1736279,2
2021-02-23;TASA3;BRTASAACNOR7;TASA;85335;18,4569569;1;1575024,42
2021-02-23;TASA4;BRTASAACNPR4;TASA;762765;19,8999008;1;15178947,85
2021-02-23;TCNO4;BRTCNOACNPR2;TCNO;103;1,3708737;1;141,2
2021-02-23;TCSA3;BRTCSAACNOR3;TCSA;3661809;8,58958;1;31453401,68
2021-02-23;TECN3;BRTECNACNOR6;TECN;308398;1,3238179;1;408262,82
2021-02-23;TEKA4;BRTEKAACNPR3;TEKA;25;21,47;1;536,75
2021-02-23;TELB3;BRTELBACNOR2;TELB;10;79,72;1;797,2
2021-02-23;TELB4;BRTELBACNPR9;TELB;14911;29,7790188;1;444034,95
2021-02-23;TEND3;BRTENDACNOR4;TEND;6335022;28,0120817;1;177457154,39
2021-02-23;TESA3;BRTESAACNOR9;TESA;114739;29,3078818;1;3362757,05
2021-02-23;TFCO4;BRTFCOACNPR8;TFCO;25262;13,0676589;1;330115,2
2021-02-23;TGAR11;BRTGARCTF009;TGAR;527;142,2988425;1;74991,49
2021-02-23;TGMA3;BRTGMAACNOR7;TGMA;1457949;25,0987473;1;36592693,65
2021-02-23;TGTB34;BRTGTBBDR004;TGTB;8;1039,28;1;8314,24
2021-02-23;TIET11;BRTIETCDAM15;TIET;22879075;16,7884319;1;384103794,83
2021-02-23;TIET3;BRTIETACNOR0;TIET;31897;3,3624732;1;107252,81
2021-02-23;TIET4;BRTIETACNPR7;TIET;128471;3,4245628;1;439957,02
2021-02-23;TIMS3;BRTIMSACNOR5;TIMS;13111881;13,8622672;1;181760398,83
2021-02-23;TLNC34;BRTLNCBDR005;TLNC;2096;24,1613358;1;50642,16
2021-02-23;TMOS34;BRTMOSBDR007;TMOS;7356;54,369758;1;399943,94
2021-02-23;TOTS3;BRTOTSACNOR8;TOTS;8781605;29,8334584;1;261985648,07
2021-02-23;TPIS3;BRTPISACNOR8;TPIS;1479444;1,968779;1;2912698,36
2021-02-23;TRIS3;BRTRISACNOR4;TRIS;3294298;10,6897344;1;35215170,66
2021-02-23;TRPL3;BRTRPLACNOR4;TRPL;2400;29,2583333;1;70220
2021-02-23;TRPL4;BRTRPLACNPR1;TRPL;16750638;26,2513541;1;439726931,01
2021-02-23;TRVC34;BRTRVCBDR005;TRVC;1;380,8;1;380,8
2021-02-23;TRXF11;BRTRXFCTF003;TRXF;1;104,97;1;104,97
2021-02-23;TSLA34;BRTSLABDR008;TSLA;641528;132,5527635;1;85036309,3
2021-02-23;TSMC34;BRTSMCBDR002;TSMC;7;90,37;1;632,59
2021-02-23;TUPY3;BRTUPYACNOR1;TUPY;1847756;21,7264727;1;40145220,34
2021-02-23;TWTR34;BRTWTRBDR007;TWTR;376;160,2367021;1;60249
2021-02-23;TXRX4;BRTXRXACNPR0;TXRX;2644;9,2353819;1;24418,35
2021-02-23;U1BE34;BRU1BEBDR009;U1BE;152054;78,5378283;1;11941990,95
2021-02-23;UCAS3;BRUCASACNOR1;UCAS;52990;4,3693408;1;231531,37
2021-02-23;UGPA3;BRUGPAACNOR8;UGPA;32267056;22,9454107;1;740380854,61
2021-02-23;ULEV34;BRULEVBDR002;ULEV;14;297,19;1;4160,66
2021-02-23;UNHH34;BRUNHHBDR000;UNHH;6630;50,9617797;1;337876,6
2021-02-23;UNIP3;BRUNIPACNOR7;UNIP;1967;54,1367412;1;106486,97
2021-02-23;UNIP5;BRUNIPACNPA0;UNIP;500;55,294;1;27647
2021-02-23;UNIP6;BRUNIPACNPB8;UNIP;1106866;53,9062857;1;59667034,89
2021-02-23;UPSS34;BRUPSSBDR009;UPSS;2114;54,92;1;116100,88
2021-02-23;USIM3;BRUSIMACNOR3;USIM;34491;14,8109895;1;510845,84
2021-02-23;USIM5;BRUSIMACNPA6;USIM;30797709;14,2817561;1;439845370,77
2021-02-23;VALE3;BRVALEACNOR0;VALE;112830285;92,1130133;1;10393137544,26
2021-02-23;VAMO3;BRVAMOACNOR7;VAMO;3429;33,3062875;1;114207,26
2021-02-23;VGIR11;BRVGIRCTF008;VGIR;217;87,5640092;1;19001,39
2021-02-23;VILG11;BRVILGCTF001;VILG;10346;122,904796;1;1271573,02
2021-02-23;VINO11;BRVINOCTF001;VINO;6833;62,9945046;1;430441,45
2021-02-23;VISC11;BRVISCCTF005;VISC;1490;115,7210469;1;172424,36
2021-02-23;VIVA3;BRVIVAACNOR0;VIVA;2551719;25,9924656;1;66325468,53
2021-02-23;VIVR3;BRVIVRACNOR4;VIVR;1014853;1,1799907;1;1197517,13
2021-02-23;VIVT3;BRVIVTACNOR0;VIVT;17565152;46,4159135;1;815302576,91
2021-02-23;VLID3;BRVLIDACNOR5;VLID;3288955;8,8828068;1;29215151,91
2021-02-23;VRTA11;BRVRTACTF008;VRTA;832;115,4615144;1;96063,98
2021-02-23;VULC3;BRVULCACNOR2;VULC;3045349;8,1657115;1;24867441,62
2021-02-23;VVAR3;BRVVARACNOR1;VVAR;85935700;14,7574555;1;1268192276,95
2021-02-23;W1EC34;BRW1ECBDR005;W1EC;1;224,96;1;224,96
2021-02-23;W1IX34;BRW1IXBDR002;W1IX;1802;63,0196836;1;113561,47
2021-02-23;WALM34;BRWALMBDR005;WALM;694;47,5144812;1;32975,05
2021-02-23;WEGE3;BRWEGEACNOR0;WEGE;14939338;82,7938716;1;1236885632,46
2021-02-23;WEST3;BRWESTACNOR3;WEST;11101151;12,8358498;1;142492707,79
2021-02-23;WGBA34;BRWGBABDR008;WGBA;919;134,49;1;123596,31
2021-02-23;WHRL3;BRWHRLACNOR5;WHRL;1300;7,2515384;1;9427
2021-02-23;WHRL4;BRWHRLACNPR2;WHRL;22619;7,9772571;1;180437,58
2021-02-23;WIZS3;BRWIZSACNOR1;WIZS;3603926;7,1885756;1;25907094,66
2021-02-23;WLMM3;BRWLMMACNOR6;WLMM;3;20,82;1;62,46
2021-02-23;WSON33;BRWSONBDR009;WSON;24762;45,7842726;1;1133710,16
2021-02-23;XBOV11;BRXBOVCTF005;XBOV;38676;119,7740826;1;4632382,42
2021-02-23;XINA11;BRXINACTF006;XINA;4653;12,3268536;1;57356,85
2021-02-23;XPCI11;BRXPCICTF007;XPCI;345;95,1455072;1;32825,2
2021-02-23;XPIN11;BRXPINCTF004;XPIN;293;115,0485665;1;33709,23
2021-02-23;XPLG11;BRXPLGCTF002;XPLG;24374;122,8771584;1;2995007,86
2021-02-23;XPML11;BRXPMLCTF000;XPML;135384;115,9821261;1;15702124,17
2021-02-23;XPPR11;BRXPPRCTF000;XPPR;1229;71,6075996;1;88005,74
2021-02-23;XPSF11;BRXPSFCTF009;XPSF;594;96,74;1;57463,56
2021-02-23;YDUQ3;BRYDUQACNOR3;YDUQ;22995068;32,9526938;1;757749435,68
2021-02-23;Z1OM34;BRZ1OMBDR000;Z1OM;121637;91,8924495;1;11177521,89
